{
    "aku takut": "/data/data/com.termux/files/usr/tmp/linepy-1563963900-4.bin",
    "bojo galak": "/data/data/com.termux/files/usr/tmp/linepy-1564111444-9.bin",
    "boruto trap": "/data/data/com.termux/files/usr/tmp/linepy-1565355555-6.bin",
    "dj lagi syantik": "/data/data/com.termux/files/usr/tmp/linepy-1564111491-0.bin",
    "goyang 2 jari": "/data/data/com.termux/files/usr/tmp/linepy-1564666651-5.bin",
    "jaran goyang": "/data/data/com.termux/files/usr/tmp/linepy-1564111339-3.bin",
    "juragan empang": "/data/data/com.termux/files/usr/tmp/linepy-1563962311-0.bin",
    "mawar bodas": "/data/data/com.termux/files/usr/tmp/linepy-1565355450-9.bin",
    "prei kanan kiri": "/data/data/com.termux/files/usr/tmp/linepy-1565355505-9.bin",
    "sayang2": "/data/data/com.termux/files/usr/tmp/linepy-1564111416-9.bin"
}