{
    "cogan": "/data/data/com.termux/files/usr/tmp/linepy-1611566042-1.bin",
    "fajar": "/data/data/com.termux/files/usr/tmp/linepy-1565433099-0.bin",
    "g ngupil": "/data/data/com.termux/files/usr/tmp/linepy-1611500967-1.bin",
    "joni": "/data/data/com.termux/files/usr/tmp/linepy-1611501725-9.bin",
    "ngupil": "/data/data/com.termux/files/usr/tmp/linepy-1611500916-4.bin",
    "sayang": "/data/data/com.termux/files/usr/tmp/linepy-1565433177-8.bin",
    "wc": "/data/data/com.termux/files/usr/tmp/linepy-1611107512-8.bin"
}