{
    "galon": {
        "STKID": "9",
        "STKPKGID": "1"
    },
    "haaa": {
        "STKID": "3",
        "STKPKGID": "1"
    },
    "hadeuh": {
        "STKID": "6",
        "STKPKGID": "1"
    },
    "haha": {
        "STKID": "18482290",
        "STKPKGID": "9057"
    },
    "hahaha": {
        "STKID": "152576733",
        "STKPKGID": "6607801"
    },
    "hehehe": {
        "STKID": "10",
        "STKPKGID": "1"
    },
    "hmmm": {
        "STKID": "101",
        "STKPKGID": "1"
    },
    "lol": {
        "STKID": "110",
        "STKPKGID": "1"
    },
    "omg": {
        "STKID": "18687401",
        "STKPKGID": "1520987"
    },
    "please": {
        "STKID": "4",
        "STKPKGID": "1"
    },
    "selfi": {
        "STKID": "18687408",
        "STKPKGID": "1520987"
    },
    "wkwk": {
        "STKID": "100",
        "STKPKGID": "1"
    },
    "woah": {
        "STKID": "18687404",
        "STKPKGID": "1520987"
    },
    "wow": {
        "STKID": "18687397",
        "STKPKGID": "1520987"
    },
    "you": {
        "STKID": "7",
        "STKPKGID": "1"
    }
}